11682260,"vertical scroll bar in JTable"
20814973,"Restore Text Selection from a Range"
25348911,"Administrators and TestedUsers"
14873462,"android how to draw achart line graph with multiple plot at same date with depend upon time series"
15914213,"SQL evaluates to true when it should not"
20630855,"How to change grid column value on DataBound event"
2681543,"C# says this.Controls is null, why?"
3277157,"Very simple query on mySQL (beginner question)"
23407764,"Linearize a max constraint"
19634800,"jQuery on() - is event.delegateTarget the best way to get the main container of on() function?"
1777377,"ColdFusion Hibernate Generated Database"
5828372,"404 error when loading a image"
15837102,"Child Form Object References Returning Incorrect Values"
21758466,"Fancyselect interrups change function"
2784797,"Is there a file diff tool that allows for exceptions?"
22922668,"Simultaneously scroll three iFrames containing PDF files"
21166883,"Fit to Screen device metrics in Chrome DevTools"
13043290,"xml sorting fn not working"
22377044,"Bootstrap 3 div collapse order"
11150265,"Drawing text with accented characters (i.e. French Text)"
14420315,"jQuery UI Accordion Jumpy When Opened"
24316032,"Can PIL be used to get dimensions of an svg file?"
17360244,"Suppressing ""Bad system call"" Message"
22491255,"How can I place two DIVs inside a horizontal fixed header and make all the content vertically align?"
7746238,"A process's files, the relation between files in mm_struct and files_struct?"
7953553,"Disable caching of DomainContext / DomainDataSource in Silverlight RIA Services"
23541081,"Magento Magmi Import Tool - Not importing products into specified store/category root"
22747073,"PYTHON - Distance between closest pair in a list"
13541221,"hibernate: how to create a composite foreign key in xml?"
11579822,"Peer to peer chat application in php"
9948722,"Implementing custom indexer on a collection"
17306698,"Why Android libslide menu with actionbarsherlock open automatically?"
3785365,"Basic CSS alignment question"
9069747,"Powershell - Applicaiton pool - Advanced settings - Regular Time Interval"
4983250,"Static positioned div box problem"
2048867,"How can I build a string resource from other string resources in WPF?"
23169785,"ListView selecioint all checkboxes"
20340800,"Javascript and Knockout"
22869524,"Omnipay common abstract-class tests fail"
6398908,"read not prompting when i/p redirected from a file"
23482903,"Django flatpages app will not work"
21476861,"Java: multiple self refreshing cache object"
12532051,"-XX:OnOutOfMemoryError=""<cmd> <arg>"" gives Error : Could not find or load main class <arg>"
8929717,"Website design prevents data being posted to server"
18329434,"Why does my image overlap with my words?"
4397555,"TreeNode ForeColor change SelectedNode.ForeColor"
20281448,"How to write a shell (.sh) script for the following"
25489400,"Lua: String to name?"
22139184,"How to calculate user posts"
22055276,"Sort cell array in a dictionary sorting fashion?"
25608468,"Apache virtual host both static and dynamic"
4360625,"Android problem getting Arraylist<double[]> from cursor"
3392722,"python: append a list of values into a list"
5639012,"Using XMPP with iPhone SDK?"
21540730,"Updating div from textarea value"
12840922,"View descriptor not found exception in eclipse PDE"
6120829,"How do I automate file extension change for Matlab files pushed to GitHub?"
21483409,"Replace UrlEncodedFormEntity with stringEntity Android"
6417459,"how do i animate a div the width of each child image. and at the end return it to the beginning"
24113241,"Google Maps API - Marker not showing"
16613908,"How to declare a global variable with multiple properties?"
27152362,"Vaadin 7 sessions and global object"
24194078,"How to get model attributes to load LAST"
24443512,"How to tilt compensate my magnetometer ? Tried a lot"
10479651,"Restoring Google App Engine datastore"
17107505,"WPF application send parameters (MvvmLight with Page navigation)"
18571320,"Parsley form not submitting"
28140899,"how to parse google result number by java"
25711711,"spotipy authorization code flow"
4753950,"Could not load file or assembly 'Microsoft.Practices.EnterpriseLibrary.ExceptionHandling"
2105762,"nhibernate datasource sqlite relative filepath"
26930100,"Cluster Count : Unstable"
3130367,"free web based 'sw features management tool'"
27176073,"fatal: cannot exec '/home/<user>/.ssh': Permission denied when using Git"
19558473,"mail function cause time out ! During mass mail."
17545596,"IIS - the request is rejected by HTTP filter when there are european char in the url"
28621649,"How to post json data and image(file) using curl REST API using command line?"
7939752,"C# .NET custom Controls / Components custom drawing"
20971757,"ios switching views not functional"
8351412,"Measure FPS methods"
14537379,"kendoui validation tooltip in custom popup editor not positioning correctly"
11707898,"Parsing a Text File To Extract a String"
8909891,"ASP.net 4, MVC and scriptmanager syntax to use asp: ajax control toolkit elements"
22237946,"Server Version Exception trying to open SkeetySoftDefects.mdf in SQL Server 2008"
9047489,"unable to pass the imageid to the other page using get method"
7184319,"How to retrieve URL fragment identifier in JSP"
1528313,"Is it considered standard practice to turn off notices in the error log for PHP development"
12667321,"Any O(n) algorithm for smoosh method?"
15954838,"Matlab function return value"
16543898,"Use Javascript to scroll in HTML tables?"
10755560,"Auto-Recover when DBNETLIB ConnectionWrite General network error causes ADO connections to go offline in Delphi applications?"
14865945,"Check Whether or Not An Input is a Fibonacci Number"
9175075,"Using custom wordpress taxonomies for aktivity-streams?"
26195332,"C - write() not writing to file"
25643041,"What's the difference between MVC and MVA"
6111543,"how can I convert string to an array with separator?"
1202999,"Issue with GetLocalResource object"
10739640,"Serialized JSON Object appearing as Null at controller"
1904231,"Encypt 2 pieces of data separatly and export as one file via Rijmdael in C#"
12540914,"Curses Fill Block"
